,Dmin_b,Dmin_o,Dmin_p
0,98.67977905990975,96.25638249015545,72.23964641669292
1,103.89699940968738,122.29638284156438,100.0
2,100.0,100.0,100.0
3,100.0,100.0,100.0
4,100.0,100.0,100.0
5,100.0,100.0,100.0
6,100.0,100.0,113.69514769173924
7,,,
8,,,
9,,,
10,,,
11,,,
