lwhl_b,lwhl_o,lwhl_p
114.18606595223837,114.18606595223837,114.18606595223837
114.90999381523139,114.91228063953717,115.12817794997332
114.96845230998558,114.95952788906432,114.97656875097555
114.95579093432144,114.94935832774043,114.98296325310471
114.99851158501886,114.99651254985324,115.03959923369675
115.04795686888052,115.0479890174289,115.07554759389545
115.08106266895206,115.08215548511886,24.430881641641236
,,
,,
,,
,,
,,
