,Dcon_b,Dcon_o,Dcon_p
0,98.72001854935836,96.37048555632616,73.08576423014702
1,103.7782213613581,121.6168033599405,100.0
2,100.0,100.0,100.0
3,100.0,100.0,100.0
4,100.0,100.0,100.0
5,100.0,100.0,100.0
6,100.0,100.0,113.27772835357804
7,,,
8,,,
9,,,
10,,,
11,,,
