,Dman_b,Dman_o,Dman_p
0,98.58713039519537,95.99366800581717,70.29151818043252
1,104.17047771982199,123.86106799046836,100.0
2,100.0,100.0,100.0
3,100.0,100.0,100.0
4,100.0,100.0,100.0
5,100.0,100.0,100.0
6,100.0,100.0,114.6562270900246
7,,,
8,,,
9,,,
10,,,
11,,,
