lwhl_b,lwhl_o,lwhl_p
101.70849491796928,101.70849491796928,101.70849491796928
103.93405533470528,107.168154736814,103.09810306821412
102.7315821185403,102.42585337056653,103.42911032065145
103.42310514558694,103.90470428755387,104.78500636856043
107.14066593250757,112.65276107882505,103.4098319217363
103.07049992324204,102.82906092662047,103.55777726397162
103.40921187218115,103.5499157161181,82.00071230967276
,,
,,
,,
,,
,,
