,Dcon_b,Dcon_o,Dcon_p
0,98.70751910935358,96.33504215360149,72.8229378625376
1,103.81511693606143,121.8278985571069,100.0
2,100.0,100.0,100.0
3,100.0,100.0,100.0
4,100.0,100.0,100.0
5,100.0,100.0,100.0
6,100.0,100.0,113.4073897395864
7,,,
8,,,
9,,,
10,,,
11,,,
