,ltrd,lelc,lwtr,lind,Ntrd,Nelc,Nwtr,Nind,Nwhl,Dtrd,Delc,Dwtr,Dwhl,Dind
0,103.64389322544686,103.1742422547672,105.67967175432213,104.61303019609488,22235.342414125145,,872.3087815772323,2480.918029524028,1094.3382030652235,22.77702725274626,100.0,103.17840308081249,105.4673228271759,100.36052203506335
1,68.27281545318237,65.45732750393081,85.38516084671734,92.14798219836779,32689.27584536189,0.0,1134.3561337144552,2903.838502377108,9316.893212524781,169.1313333074292,100.0,103.17840308081249,113.10465297669037,108.80727025715257
2,106.53556976022504,109.7994246288496,104.14608958706512,96.27905492792439,38064.308227137146,0.0,1218.9368137071729,3087.188147228605,12234.580280174408,109.29945807692269,100.0,103.17840308081249,114.44893294983926,110.42281649062093
3,106.93544749273241,110.22572377790382,104.32645471357111,93.49920034285064,44516.591036597936,0.0,1305.3559893578765,3276.304394723575,16285.45471164164,109.36598461139783,100.0,102.64866923401041,116.05050628629454,113.50454436193385
4,107.46980464783837,111.7513001832916,104.97191877786211,91.17182971577972,53053.20978596783,0.0,1406.55081055967,3487.776616528816,22193.978724396897,110.89278870506301,100.0,102.64866923401041,118.76149968583246,116.76259719546812
5,108.10640143551566,113.17578858667315,105.57461299306814,89.05042761584878,64659.58401985363,0.0,1524.2922686811262,3723.2940815383017,30923.147035824888,112.73787143171302,100.0,102.64866923401041,121.35452587942451,119.87887786915073
6,108.82403370965804,114.76758238834628,106.24809332031535,87.190737056622,80852.92223680354,0.0,1662.4275039393744,3986.713139078419,43967.44518115743,114.9047534420772,100.0,102.64866923401041,123.78961693485968,122.80535320266749
