,Dmin_b,Dmin_o,Dmin_p
0,98.64669148043755,96.16255937456236,71.54391218201162
1,103.99466660595402,122.85517820437866,100.0
2,100.0,100.0,100.0
3,100.0,100.0,100.0
4,100.0,100.0,100.0
5,100.0,100.0,100.0
6,100.0,100.0,114.03837758142944
7,,,
8,,,
9,,,
10,,,
11,,,
