Nman,lman,lmanS,lamml
1524.7554538502693,101.41342910471003,101.41342910471003,101.86495767093001
1656.5260899666916,104.30241896040164,105.77665970690455,105.67685299320469
1708.7442637797944,103.1522699297874,109.11102554357883,104.15928182517867
1774.4560990929394,103.84562141369173,113.30702250658136,105.07412867830287
1914.7839812100742,107.90821943630317,122.26759048314324,110.43454846938158
1984.7719506557078,103.65513656540011,126.73663789052627,104.82279228100245
5410.8052787999995,103.85472029777421,131.62198079600898,105.08613425651686
