,Dmin_b,Dmin_o,Dmin_p
0,98.6724907815214,96.23571585341102,72.08639541231172
1,103.91851279105752,122.41947000089337,100.0
2,100.0,100.0,100.0
3,100.0,100.0,100.0
4,100.0,100.0,100.0
5,100.0,100.0,100.0
6,100.0,100.0,113.77075174096757
7,,,
8,,,
9,,,
10,,,
11,,,
