,Dcon_b,Dcon_o,Dcon_p
0,98.73373099984666,96.40936857067018,73.37409663155742
1,103.73774524873515,121.38522239004463,100.0
2,100.0,100.0,100.0
3,100.0,100.0,100.0
4,100.0,100.0,100.0
5,100.0,100.0,100.0
6,100.0,100.0,113.13548395421259
7,,,
8,,,
9,,,
10,,,
11,,,
