Nman,lman,lmanS,lamml
335.87085967223027,102.92276792174557,102.92276792174557,103.48691234855083
365.04757121491883,105.23503206149431,108.31080782102634,106.24548319573114
380.9165302339037,104.34709343940331,113.01917984197893,105.18615716334637
399.255168518724,104.8143456188576,118.46031377517004,105.743597041588
427.40014068461545,107.0493695223313,126.8110190304949,108.41001895977926
447.6377856575569,104.73505809813832,132.8155944564301,105.64900566708128
469.9975181,104.9953697968706,139.45022454744074,105.9595619962474
